Pathextension,File name,@image,Object,Rooms
Assets/Img/,IMG_5066,INAB2ndsemester/website/reditheavymetal4website/asseets/Img/IMG_5066 ,Door handle,Bathroom
Assets/Img/,IMG_5067,INAB2ndsemester/website/reditheavymetal4website/asseets/Img/IMG_5067,Door knob,Bathroom
Assets/Img/,IMG_5068,INAB2ndsemester/website/reditheavymetal4website/asseets/Img/IMG_5068,Hook ,Bathroom
Assets/Img/,IMG_5069,INAB2ndsemester/website/reditheavymetal4website/asseets/Img/IMG_5069,Radiator,Bathroom
Assets/Img/,IMG_5071,INAB2ndsemester/website/reditheavymetal4website/asseets/Img/IMG_5070,Sink tap,Bathroom
Assets/Img/,IMG_5072,INAB2ndsemester/website/reditheavymetal4website/asseets/Img/IMG_5071,Water valves,Bathroom
Assets/Img/,IMG_5073,INAB2ndsemester/website/reditheavymetal4website/asseets/Img/IMG_5072,Sink drain,Bathroom
Assets/Img/,IMG_5074,INAB2ndsemester/website/reditheavymetal4website/asseets/Img/IMG_5073,Sink plug attachment,Bathroom
Assets/Img/,IMG_5077,INAB2ndsemester/website/reditheavymetal4website/asseets/Img/IMG_5074,Thinking scissors,Bathroom
Assets/Img/,IMG_5078,INAB2ndsemester/website/reditheavymetal4website/asseets/Img/IMG_5075,Key ,Bathroom
Assets/Img/,IMG_5079,INAB2ndsemester/website/reditheavymetal4website/asseets/Img/IMG_5076,Hook ,Bathroom
Assets/Img/,IMG_5083 ,INAB2ndsemester/website/reditheavymetal4website/asseets/Img/IMG_5077,Bath tap,Bathroom
Assets/Img/,IMG_5084,INAB2ndsemester/website/reditheavymetal4website/asseets/Img/IMG_5078,O-hook,Bathroom
Assets/Img/,IMG_5085,INAB2ndsemester/website/reditheavymetal4website/asseets/Img/IMG_5079,Hinge,Bathroom
Assets/Img/,IMG_7399 ,INAB2ndsemester/website/reditheavymetal4website/asseets/Img/IMG_5080,Necklace 1,Bedroom
Assets/Img/,IMG_7405 ,INAB2ndsemester/website/reditheavymetal4website/asseets/Img/IMG_5081,Necklace 2,Bedroom
Assets/Img/,IMG_7409 ,INAB2ndsemester/website/reditheavymetal4website/asseets/Img/IMG_5082,Necklace 3,Bedroom
Assets/Img/,IMG_7421 ,INAB2ndsemester/website/reditheavymetal4website/asseets/Img/IMG_5083,Earrings,Bedroom
Assets/Img/,IMG_7425 ,INAB2ndsemester/website/reditheavymetal4website/asseets/Img/IMG_5084,Earring,Bedroom
Assets/Img/,IMG_7429 ,INAB2ndsemester/website/reditheavymetal4website/asseets/Img/IMG_5085,Earrings,Bedroom
Assets/Img/,IMG_7444 ,INAB2ndsemester/website/reditheavymetal4website/asseets/Img/IMG_5086,Belt buckle,Bedroom
Assets/Img/,IMG_7455 ,INAB2ndsemester/website/reditheavymetal4website/asseets/Img/IMG_5087,Carabiner,Bedroom
Assets/Img/,IMG_7464 ,INAB2ndsemester/website/reditheavymetal4website/asseets/Img/IMG_5088,Scissors,Bedroom
Assets/Img/,IMG_7473 ,INAB2ndsemester/website/reditheavymetal4website/asseets/Img/IMG_5089,Enamel pin,Bedroom
Assets/Img/,IMG_7485 ,INAB2ndsemester/website/reditheavymetal4website/asseets/Img/IMG_5090,Enamel pin,Bedroom
Assets/Img/,IMG_7487 ,INAB2ndsemester/website/reditheavymetal4website/asseets/Img/IMG_5091,Enamel pin,Bedroom
Assets/Img/,IMG_7494 ,INAB2ndsemester/website/reditheavymetal4website/asseets/Img/IMG_5092,Key ,Bedroom
Assets/Img/,IMG_7503 ,INAB2ndsemester/website/reditheavymetal4website/asseets/Img/IMG_5093,Key,Bedroom
Assets/Img/,IMG_7513 ,INAB2ndsemester/website/reditheavymetal4website/asseets/Img/IMG_5094,Sharpener,Bedroom
Assets/Img/,IMG_7515 ,INAB2ndsemester/website/reditheavymetal4website/asseets/Img/IMG_5095,Padlock,Bedroom
Assets/Img/,IMG_7517 ,INAB2ndsemester/website/reditheavymetal4website/asseets/Img/IMG_5096,Padlock,Bedroom
Assets/Img/,IMG_7523 ,INAB2ndsemester/website/reditheavymetal4website/asseets/Img/IMG_5097,Tin,Bedroom
Assets/Img/,IMG_7531 ,INAB2ndsemester/website/reditheavymetal4website/asseets/Img/IMG_5098,Broken keychain,Bedroom
Assets/Img/,IMG_7536 ,INAB2ndsemester/website/reditheavymetal4website/asseets/Img/IMG_5099,Safety pin,Bedroom
Assets/Img/,IMG_7538 ,INAB2ndsemester/website/reditheavymetal4website/asseets/Img/IMG_5100,Keychain,Bedroom
Assets/Img/,IMG_7544 ,INAB2ndsemester/website/reditheavymetal4website/asseets/Img/IMG_5101,Bottle opener keychain,Bedroom
Assets/Img/,IMG_7546 ,INAB2ndsemester/website/reditheavymetal4website/asseets/Img/IMG_5102,Keys,Bedroom
Assets/Img/,IMG_7554 ,INAB2ndsemester/website/reditheavymetal4website/asseets/Img/IMG_5103,Key,Bedroom
Assets/Img/,IMG_7559 ,INAB2ndsemester/website/reditheavymetal4website/asseets/Img/IMG_5104,Miffy keychain,Bedroom
Assets/Img/,IMG_7564 ,INAB2ndsemester/website/reditheavymetal4website/asseets/Img/IMG_5105,Miffy tin,Bedroom
Assets/Img/,IMG_7568 ,INAB2ndsemester/website/reditheavymetal4website/asseets/Img/IMG_5106,Hair clip,Bedroom
Assets/Img/,IMG_7570 ,INAB2ndsemester/website/reditheavymetal4website/asseets/Img/IMG_5107,Hair clip,Bedroom
Assets/Img/,IMG_7572 ,INAB2ndsemester/website/reditheavymetal4website/asseets/Img/IMG_5108,Safety pin,Bedroom
Assets/Img/,IMG_7617 ,INAB2ndsemester/website/reditheavymetal4website/asseets/Img/IMG_5109,Sewing needle,Bedroom
Assets/Img/,IMG_7637 ,INAB2ndsemester/website/reditheavymetal4website/asseets/Img/IMG_5110,Sewing needle,Bedroom
Assets/Img/,IMG_7639 ,INAB2ndsemester/website/reditheavymetal4website/asseets/Img/IMG_5111,Sewing needle,Bedroom
Assets/Img/,IMG_7643 ,INAB2ndsemester/website/reditheavymetal4website/asseets/Img/IMG_5112,Sewing needle,Bedroom
Assets/Img/,IMG_7643 ,INAB2ndsemester/website/reditheavymetal4website/asseets/Img/IMG_5113,Sewing needle,Bedroom
Assets/Img/,IMG_7646 ,INAB2ndsemester/website/reditheavymetal4website/asseets/Img/IMG_5114,Sewing needle,Bedroom
Assets/Img/,IMG_7649 ,INAB2ndsemester/website/reditheavymetal4website/asseets/Img/IMG_5115,Sewing needle,Bedroom
Assets/Img/,IMG_7650 ,INAB2ndsemester/website/reditheavymetal4website/asseets/Img/IMG_5116,Sewing needle,Bedroom
Assets/Img/,IMG_7657.,INAB2ndsemester/website/reditheavymetal4website/asseets/Img/IMG_5117,Lino cutter,Bedroom
Assets/Img/,IMG_7670 ,INAB2ndsemester/website/reditheavymetal4website/asseets/Img/IMG_5118,Spoon,Kitchen
Assets/Img/,IMG_7671 ,INAB2ndsemester/website/reditheavymetal4website/asseets/Img/IMG_5119,Spoon,Kitchen
Assets/Img/,IMG_7672 ,INAB2ndsemester/website/reditheavymetal4website/asseets/Img/IMG_5120,Spoon,Kitchen
Assets/Img/,IMG_7673 ,INAB2ndsemester/website/reditheavymetal4website/asseets/Img/IMG_5121,Fork,Kitchen
Assets/Img/,IMG_7674 ,INAB2ndsemester/website/reditheavymetal4website/asseets/Img/IMG_5122,Knife,Kitchen
Assets/Img/,IMG_7677 ,INAB2ndsemester/website/reditheavymetal4website/asseets/Img/IMG_5123,Knife,Kitchen
Assets/Img/,IMG_7678 ,INAB2ndsemester/website/reditheavymetal4website/asseets/Img/IMG_5124,Knife,Kitchen
Assets/Img/,IMG_7679 ,INAB2ndsemester/website/reditheavymetal4website/asseets/Img/IMG_5125,Knife,Kitchen
Assets/Img/,IMG_7680 ,INAB2ndsemester/website/reditheavymetal4website/asseets/Img/IMG_5126,Knife,Kitchen
Assets/Img/,IMG_7681 ,INAB2ndsemester/website/reditheavymetal4website/asseets/Img/IMG_5127,Knife,Kitchen
Assets/Img/,IMG_7681 ,INAB2ndsemester/website/reditheavymetal4website/asseets/Img/IMG_5128,Knife,Kitchen
Assets/Img/,IMG_7682 ,INAB2ndsemester/website/reditheavymetal4website/asseets/Img/IMG_5129,Knife,Kitchen
Assets/Img/,IMG_7684 ,INAB2ndsemester/website/reditheavymetal4website/asseets/Img/IMG_5130,Knife,Kitchen
Assets/Img/,IMG_7684 ,INAB2ndsemester/website/reditheavymetal4website/asseets/Img/IMG_5131,Knife,Kitchen
Assets/Img/,IMG_7688 ,INAB2ndsemester/website/reditheavymetal4website/asseets/Img/IMG_5132,Knife,Kitchen
Assets/Img/,IMG_7689 ,INAB2ndsemester/website/reditheavymetal4website/asseets/Img/IMG_5133,Jar lid,Kitchen
Assets/Img/,IMG_7692 ,INAB2ndsemester/website/reditheavymetal4website/asseets/Img/IMG_5134,Jar lid,Kitchen
Assets/Img/,IMG_7694 ,INAB2ndsemester/website/reditheavymetal4website/asseets/Img/IMG_5135,Jar lid,Kitchen
Assets/Img/,IMG_7695 ,INAB2ndsemester/website/reditheavymetal4website/asseets/Img/IMG_5136,S-Hook,Kitchen
Assets/Img/,IMG_7699 ,INAB2ndsemester/website/reditheavymetal4website/asseets/Img/IMG_5137,S-Hook,Kitchen
Assets/Img/,IMG_7703 ,INAB2ndsemester/website/reditheavymetal4website/asseets/Img/IMG_5138,Bottle opener magnet,Kitchen
Assets/Img/,IMG_7705 ,INAB2ndsemester/website/reditheavymetal4website/asseets/Img/IMG_5139,Magnet,Kitchen
Assets/Img/,IMG_7711 ,INAB2ndsemester/website/reditheavymetal4website/asseets/Img/IMG_5140,Bottle opener magnet,Kitchen
Assets/Img/,IMG_7712 ,INAB2ndsemester/website/reditheavymetal4website/asseets/Img/IMG_5141,Whisk,Kitchen
Assets/Img/,IMG_7720 ,INAB2ndsemester/website/reditheavymetal4website/asseets/Img/IMG_5142,Bottle opener,Kitchen
Assets/Img/,IMG_7724 ,INAB2ndsemester/website/reditheavymetal4website/asseets/Img/IMG_5143,Can opener,Kitchen
Assets/Img/,IMG_7726 ,INAB2ndsemester/website/reditheavymetal4website/asseets/Img/IMG_5144,Pot lid,Kitchen
Assets/Img/,IMG_7730 ,INAB2ndsemester/website/reditheavymetal4website/asseets/Img/IMG_5145,Pot lid,Kitchen