pathextension,Filename,@image,Rooms
assets/img/,1-IMG_7726.jpg,assets/img/1-IMG_7726.jpg,Kitchen
assets/img/,2-IMG_7724.jpg,assets/img/2-IMG_7724.jpg,Kitchen
assets/img/,3-IMG_7722.jpg,assets/img/3-IMG_7722.jpg,Kitchen
assets/img/,4-IMG_7720.jpg,assets/img/4-IMG_7720.jpg,Kitchen
assets/img/,5-IMG_7716.jpg,assets/img/5-IMG_7716.jpg,Kitchen
assets/img/,6-IMG_7712.jpg,assets/img/6-IMG_7712.jpg,Kitchen
assets/img/,7-IMG_7711.jpg,assets/img/7-IMG_7711.jpg,Kitchen
assets/img/,8-IMG_7705.jpg,assets/img/8-IMG_7705.jpg,Kitchen
assets/img/,9-IMG_7703.jpg,assets/img/9-IMG_7703.jpg,Kitchen
assets/img/,10-IMG_7699.jpg,assets/img/10-IMG_7699.jpg,Kitchen
assets/img/,11-IMG_7695.jpg,assets/img/11-IMG_7695.jpg,Kitchen
assets/img/,12-IMG_7694.jpg,assets/img/12-IMG_7694.jpg,Kitchen
assets/img/,13-IMG_7692.jpg,assets/img/13-IMG_7692.jpg,Kitchen
assets/img/,14-IMG_7689.jpg,assets/img/14-IMG_7689.jpg,Kitchen
assets/img/,15-IMG_7688.jpg,assets/img/15-IMG_7688.jpg,Kitchen
assets/img/,16-IMG_7684.jpg,assets/img/16-IMG_7684.jpg,Kitchen
assets/img/,17-IMG_7682.jpg,assets/img/17-IMG_7682.jpg,Kitchen
assets/img/,18-IMG_7681.jpg,assets/img/18-IMG_7681.jpg,Kitchen
assets/img/,19-IMG_7680.jpg,assets/img/19-IMG_7680.jpg,Kitchen
assets/img/,20-IMG_7679.jpg,assets/img/20-IMG_7679.jpg,Kitchen
assets/img/,21-IMG_7678.jpg,assets/img/21-IMG_7678.jpg,Kitchen
assets/img/,22-IMG_7677.jpg,assets/img/22-IMG_7677.jpg,Bathroom
assets/img/,23-IMG_7674.jpg,assets/img/23-IMG_7674.jpg,Kitchen
assets/img/,24-IMG_7673.jpg,assets/img/24-IMG_7673.jpg,Kitchen
assets/img/,25-IMG_7672.jpg,assets/img/25-IMG_7672.jpg,Kitchen
assets/img/,26-IMG_7671.jpg,assets/img/26-IMG_7671.jpg,Kitchen
assets/img/,27-IMG_7670.jpg,assets/img/27-IMG_7670.jpg,Kitchen
assets/img/,IMG_7399 131.jpg,assets/img/IMG_7399 131.jpg,Kitchen
assets/img/,IMG_7405 121.jpg,assets/img/IMG_7405 121.jpg,Kitchen
assets/img/,IMG_7409 111.jpg,assets/img/IMG_7409 111.jpg,Kitchen
assets/img/,IMG_7421 121.jpg,assets/img/IMG_7421 121.jpg,Kitchen
assets/img/,IMG_7425 111.jpg,assets/img/IMG_7425 111.jpg,Kitchen
assets/img/,IMG_7427 111.jpg,assets/img/IMG_7427 111.jpg,Kitchen
assets/img/,IMG_7429 121.jpg,assets/img/IMG_7429 121.jpg,Kitchen
assets/img/,IMG_7432 111.jpg,assets/img/IMG_7432 111.jpg,Kitchen
assets/img/,IMG_7435 111.jpg,assets/img/IMG_7435 111.jpg,Kitchen
assets/img/,IMG_7444 121.jpg,assets/img/IMG_7444 121.jpg,Kitchen
assets/img/,IMG_7448 121.jpg,assets/img/IMG_7448 121.jpg,Kitchen
assets/img/,IMG_7449 121.jpg,assets/img/IMG_7449 121.jpg,Kitchen
assets/img/,IMG_7455 121.jpg,assets/img/IMG_7455 121.jpg,Kitchen
assets/img/,IMG_7458 121.jpg,assets/img/IMG_7458 121.jpg,Kitchen
assets/img/,IMG_7464 121.jpg,assets/img/IMG_7464 121.jpg,Kitchen
assets/img/,IMG_7469 111.jpg,assets/img/IMG_7469 111.jpg,Kitchen
assets/img/,IMG_7473 121.jpg,assets/img/IMG_7473 121.jpg,Kitchen
assets/img/,IMG_7485 111.jpg,assets/img/IMG_7485 111.jpg,Kitchen
assets/img/,IMG_7487 111.jpg,assets/img/IMG_7487 111.jpg,Kitchen
assets/img/,IMG_7494 121.jpg,assets/img/IMG_7494 121.jpg,Kitchen
assets/img/,IMG_7503 121.jpg,assets/img/IMG_7503 121.jpg,Kitchen
assets/img/,IMG_7510 141.jpg,assets/img/IMG_7510 141.jpg,Kitchen
assets/img/,IMG_7513 121.jpg,assets/img/IMG_7513 121.jpg,Kitchen
assets/img/,IMG_7515 121.jpg,assets/img/IMG_7515 121.jpg,Kitchen
assets/img/,IMG_7517 121.jpg,assets/img/IMG_7517 121.jpg,Kitchen
assets/img/,IMG_7521 121.jpg,assets/img/IMG_7521 121.jpg,Kitchen
assets/img/,IMG_7523 111.jpg,assets/img/IMG_7523 111.jpg,Kitchen
assets/img/,IMG_7529 131.jpg,assets/img/IMG_7529 131.jpg,Kitchen
assets/img/,IMG_7531 111.jpg,assets/img/IMG_7531 111.jpg,Kitchen
assets/img/,IMG_7536 111.jpg,assets/img/IMG_7536 111.jpg,Kitchen
assets/img/,IMG_7538 121.jpg,assets/img/IMG_7538 121.jpg,Kitchen
assets/img/,IMG_7544 111.jpg,assets/img/IMG_7544 111.jpg,Kitchen
assets/img/,IMG_7546 111.jpg,assets/img/IMG_7546 111.jpg,Kitchen
assets/img/,IMG_7554 111.jpg,assets/img/IMG_7554 111.jpg,Kitchen
assets/img/,IMG_7559 111.jpg,assets/img/IMG_7559 111.jpg,Kitchen
assets/img/,IMG_7564 111.jpg,assets/img/IMG_7564 111.jpg,Kitchen
assets/img/,IMG_7568 111.jpg,assets/img/IMG_7568 111.jpg,Kitchen
assets/img/,IMG_7570 111.jpg,assets/img/IMG_7570 111.jpg,Kitchen
assets/img/,IMG_7572 111.jpg,assets/img/IMG_7572 111.jpg,Kitchen
assets/img/,IMG_7617 111.jpg,assets/img/IMG_7617 111.jpg,Kitchen
assets/img/,IMG_7637 111.jpg,assets/img/IMG_7637 111.jpg,Kitchen
assets/img/,IMG_7639 111.jpg,assets/img/IMG_7639 111.jpg,Kitchen
assets/img/,IMG_7643 111.jpg,assets/img/IMG_7643 111.jpg,Kitchen
assets/img/,IMG_7646 111.jpg,assets/img/IMG_7646 111.jpg,Kitchen
assets/img/,IMG_7649 111.jpg,assets/img/IMG_7649 111.jpg,Kitchen
assets/img/,IMG_7650 111.jpg,assets/img/IMG_7650 111.jpg,Kitchen
assets/img/,IMG_7652 111.jpg,assets/img/IMG_7652 111.jpg,Kitchen
assets/img/,IMG_7657 111.jpg,assets/img/IMG_7657 111.jpg,Kitchen
assets/img/,Untitled,assets/img/Untitled,Kitchen