Pathextension,file_name,@image,object,rooms
assets/img/,IMG_5066.jpg,assets/img/IMG_5066.jpg,Door handle,Bathroom
assets/img/,IMG_5067.jpg,assets/img/IMG_5067.jpg,Door knob,Bathroom
assets/img/,IMG_5068.jpg,assets/img/IMG_5068.jpg,Hook ,Bathroom
assets/img/,IMG_5069.jpg,assets/img/IMG_5069.jpg,Radiator,Bathroom
assets/img/,IMG_5071.jpg,assets/img/IMG_5071.jpg,Sink tap,Bathroom
assets/img/,IMG_5072.jpg,assets/img/IMG_5072.jpg,Water valves,Bathroom
assets/img/,IMG_5073.jpg,assets/img/IMG_5073.jpg,Sink drain,Bathroom
assets/img/,IMG_5074.jpg,assets/img/IMG_5074.jpg,Sink plug attachment,Bathroom
assets/img/,IMG_5077.jpg,assets/img/IMG_5077.jpg,Thinking scissors,Bathroom
assets/img/,IMG_5078.jpg,assets/img/IMG_5078.jpg,Key ,Bathroom
assets/img/,IMG_5079.jpg,assets/img/IMG_5079.jpg,Hook ,Bathroom
assets/img/,IMG_5083.jpg,assets/img/IMG_5083.jpg,Bath tap,Bathroom
assets/img/,IMG_5084.jpg,assets/img/IMG_5084.jpg,O-hook,Bathroom
assets/img/,IMG_5085.jpg,assets/img/IMG_5085.jpg,Hinge,Bathroom
assets/img/,IMG_7399 (3).jpg,assets/img/IMG_7399 (3).jpg,Necklace 1,Bedroom
assets/img/,IMG_7405 (2).jpg,assets/img/IMG_7405 (2).jpg,Necklace 2,Bedroom
assets/img/,IMG_7409 (1).jpg,assets/img/IMG_7409 (1).jpg,Necklace 3,Bedroom
assets/img/,IMG_7421 (2).jpg,assets/img/IMG_7421 (2).jpg,Earrings,Bedroom
assets/img/,IMG_7425 (1).jpg,assets/img/IMG_7425 (1).jpg,Earring,Bedroom
assets/img/,IMG_7429 (2).jpg,assets/img/IMG_7429 (2).jpg,Earrings,Bedroom
assets/img/,IMG_7435 (1).jpg,assets/img/IMG_7435 (1).jpg,Belt buckle,Bedroom
assets/img/,IMG_7444 (2).jpg,assets/img/IMG_7444 (2).jpg,Carabiner,Bedroom
assets/img/,IMG_7455 (2).jpg,assets/img/IMG_7455 (2).jpg,Scissors,Bedroom
assets/img/,IMG_7464 (2).jpg,assets/img/IMG_7464 (2).jpg,Enamel pin,Bedroom
assets/img/,IMG_7473 (2).jpg,assets/img/IMG_7473 (2).jpg,Enamel pin,Bedroom
assets/img/,IMG_7485 (1).jpg,assets/img/IMG_7485 (1).jpg,Enamel pin,Bedroom
assets/img/,IMG_7487 (1).jpg,assets/img/IMG_7487 (1).jpg,Key ,Bedroom
assets/img/,IMG_7494 (2).jpg,assets/img/IMG_7494 (2).jpg,Key,Bedroom
assets/img/,IMG_7503 (2).jpg,assets/img/IMG_7503 (2).jpg,Sharpener,Bedroom
assets/img/,IMG_7513 (3).jpg,assets/img/IMG_7513 (3).jpg,Padlock,Bedroom
assets/img/,IMG_7515 (2).jpg,assets/img/IMG_7515 (2).jpg,Padlock,Bedroom
assets/img/,IMG_7517 (2).jpg,assets/img/IMG_7517 (2).jpg,Tin,Bedroom
assets/img/,IMG_7523 (1).jpg,assets/img/IMG_7523 (1).jpg,Broken keychain,Bedroom
assets/img/,IMG_7531 (1).jpg,assets/img/IMG_7531 (1).jpg,Safety pin,Bedroom
assets/img/,IMG_7536 (1).jpg,assets/img/IMG_7536 (1).jpg,Keychain,Bedroom
assets/img/,IMG_7538 (2).jpg,assets/img/IMG_7538 (2).jpg,Bottle opener keychain,Bedroom
assets/img/,IMG_7544 (1).jpg,assets/img/IMG_7544 (1).jpg,Keys,Bedroom
assets/img/,IMG_7546 (1).jpg,assets/img/IMG_7546 (1).jpg,Key,Bedroom
assets/img/,IMG_7554 (1).jpg,assets/img/IMG_7554 (1).jpg,Miffy keychain,Bedroom
assets/img/,IMG_7559 (1).jpg,assets/img/IMG_7559 (1).jpg,Miffy tin,Bedroom
assets/img/,IMG_7564 (1).jpg,assets/img/IMG_7564 (1).jpg,Hair clip,Bedroom
assets/img/,IMG_7568 (1).jpg,assets/img/IMG_7568 (1).jpg,Hair clip,Bedroom
assets/img/,IMG_7570 (1).jpg,assets/img/IMG_7570 (1).jpg,Safety pin,Bedroom
assets/img/,IMG_7572 (1).jpg,assets/img/IMG_7572 (1).jpg,Sewing needle,Bedroom
assets/img/,IMG_7637 (1).jpg,assets/img/IMG_7637 (1).jpg,Sewing needle,Bedroom
assets/img/,IMG_7639 (1).jpg,assets/img/IMG_7639 (1).jpg,Sewing needle,Bedroom
assets/img/,IMG_7643 (1).jpg,assets/img/IMG_7643 (1).jpg,Sewing needle,Bedroom
assets/img/,IMG_7643 (2).jpg,assets/img/IMG_7643 (2).jpg,Sewing needle,Bedroom
assets/img/,IMG_7646 (1).jpg,assets/img/IMG_7646 (1).jpg,Sewing needle,Bedroom
assets/img/,IMG_7649 (1).jpg,assets/img/IMG_7649 (1).jpg,Sewing needle,Bedroom
assets/img/,IMG_7650 (1).jpg,assets/img/IMG_7650 (1).jpg,Sewing needle,Bedroom
assets/img/,IMG_7657.jpg,assets/img/IMG_7657.jpg,Lino cutter,Bedroom
assets/img/,IMG_7670 (2).jpg,assets/img/IMG_7670 (2).jpg,Spoon,Kitchen
assets/img/,IMG_7671 (2).jpg,assets/img/IMG_7671 (2).jpg,Spoon,Kitchen
assets/img/,IMG_7672 (2).jpg,assets/img/IMG_7672 (2).jpg,Spoon,Kitchen
assets/img/,IMG_7673 (2).jpg,assets/img/IMG_7673 (2).jpg,Fork,Kitchen
assets/img/,IMG_7674 (3).jpg,assets/img/IMG_7674 (3).jpg,Knife,Kitchen
assets/img/,IMG_7677 (2).jpg,assets/img/IMG_7677 (2).jpg,Knife,Kitchen
assets/img/,IMG_7678 (3).jpg,assets/img/IMG_7678 (3).jpg,Knife,Kitchen
assets/img/,IMG_7679 (2).jpg,assets/img/IMG_7679 (2).jpg,Knife,Kitchen
assets/img/,IMG_7680 (2).jpg,assets/img/IMG_7680 (2).jpg,Knife,Kitchen
assets/img/,IMG_7681 (2).jpg,assets/img/IMG_7681 (2).jpg,Knife,Kitchen
assets/img/,IMG_7681 (3).jpg,assets/img/IMG_7681 (3).jpg,Knife,Kitchen
assets/img/,IMG_7682 (2).jpg,assets/img/IMG_7682 (2).jpg,Knife,Kitchen
assets/img/,IMG_7684 (2).jpg,assets/img/IMG_7684 (2).jpg,Knife,Kitchen
assets/img/,IMG_7684 (3).jpg,assets/img/IMG_7684 (3).jpg,Knife,Kitchen
assets/img/,IMG_7688 (2).jpg,assets/img/IMG_7688 (2).jpg,Knife,Kitchen
assets/img/,IMG_7689 (2).jpg,assets/img/IMG_7689 (2).jpg,Jar lid,Kitchen
assets/img/,IMG_7692 (3).jpg,assets/img/IMG_7692 (3).jpg,Jar lid,Kitchen
assets/img/,IMG_7694 (2).jpg,assets/img/IMG_7694 (2).jpg,Jar lid,Kitchen
assets/img/,IMG_7695 (2).jpg,assets/img/IMG_7695 (2).jpg,S-Hook,Kitchen
assets/img/,IMG_7699 (2).jpg,assets/img/IMG_7699 (2).jpg,S-Hook,Kitchen
assets/img/,IMG_7703 (2).jpg,assets/img/IMG_7703 (2).jpg,Bottle opener magnet,Kitchen
assets/img/,IMG_7705 (2).jpg,assets/img/IMG_7705 (2).jpg,Magnet,Kitchen
assets/img/,IMG_7711 (2).jpg,assets/img/IMG_7711 (2).jpg,Bottle opener magnet,Kitchen
assets/img/,IMG_7712 (2).jpg,assets/img/IMG_7712 (2).jpg,Whisk,Kitchen
assets/img/,IMG_7720 (2).jpg,assets/img/IMG_7720 (2).jpg,Bottle opener,Kitchen
assets/img/,IMG_7722 (1).jpg,assets/img/IMG_7722 (1).jpg,Can opener,Kitchen
assets/img/,IMG_7724 (2).jpg,assets/img/IMG_7724 (2).jpg,Pot lid,Kitchen
assets/img/,IMG_7726 (1).jpg,assets/img/IMG_7726 (1).jpg,Pot lid,Kitchen