,Photos,,,,,
,1-IMG_7726.jpg,,,,,
,2-IMG_7724.jpg,,,,,
,3-IMG_7722.jpg,,,,,
,4-IMG_7720.jpg,,,,,
,5-IMG_7716.jpg,,,,,
,6-IMG_7712.jpg,,,,,
,7-IMG_7711.jpg,,,,,
,8-IMG_7705.jpg,,,,,
,9-IMG_7703.jpg,,,,,
,10-IMG_7699.jpg,,,,,
,11-IMG_7695.jpg,,,,,
,12-IMG_7694.jpg,,,,,
,13-IMG_7692.jpg,,,,,
,14-IMG_7689.jpg,,,,,
,15-IMG_7688.jpg,,,,,
,16-IMG_7684.jpg,,,,,
,17-IMG_7682.jpg,,,,,
,18-IMG_7681.jpg,,,,,
,19-IMG_7680.jpg,,,,,
,20-IMG_7679.jpg,,,,,
,21-IMG_7678.jpg,,,,,
,22-IMG_7677.jpg,,,,,
,23-IMG_7674.jpg,,,,,
,24-IMG_7673.jpg,,,,,
,25-IMG_7672.jpg,,,,,
,26-IMG_7671.jpg,,,,,
,27-IMG_7670.jpg,,,,,
,IMG_7399 131.jpg,,,,,
,IMG_7405 121.jpg,,,,,
,IMG_7409 111.jpg,,,,,
,IMG_7421 121.jpg,,,,,
,IMG_7425 111.jpg,,,,,
,IMG_7427 111.jpg,,,,,
,IMG_7429 121.jpg,,,,,
,IMG_7432 111.jpg,,,,,
,IMG_7435 111.jpg,,,,,
,IMG_7444 121.jpg,,,,,
,IMG_7448 121.jpg,,,,,
,IMG_7449 121.jpg,,,,,
,IMG_7455 121.jpg,,,,,
,IMG_7458 121.jpg,,,,,
,IMG_7464 121.jpg,,,,,
,IMG_7469 111.jpg,,,,,
,IMG_7473 121.jpg,,,,,
,IMG_7485 111.jpg,,,,,
,IMG_7487 111.jpg,,,,,
,IMG_7494 121.jpg,,,,,
,IMG_7503 121.jpg,,,,,
,IMG_7510 141.jpg,,,,,
,IMG_7513 121.jpg,,,,,
,IMG_7515 121.jpg,,,,,
,IMG_7517 121.jpg,,,,,
,IMG_7521 121.jpg,,,,,
,IMG_7523 111.jpg,,,,,
,IMG_7529 131.jpg,,,,,
,IMG_7531 111.jpg,,,,,
,IMG_7536 111.jpg,,,,,
,IMG_7538 121.jpg,,,,,
,IMG_7544 111.jpg,,,,,
,IMG_7546 111.jpg,,,,,
,IMG_7554 111.jpg,,,,,
,IMG_7559 111.jpg,,,,,
,IMG_7564 111.jpg,,,,,
,IMG_7568 111.jpg,,,,,
,IMG_7570 111.jpg,,,,,
,IMG_7572 111.jpg,,,,,
,IMG_7617 111.jpg,,,,,
,IMG_7637 111.jpg,,,,,
,IMG_7639 111.jpg,,,,,
,IMG_7643 111.jpg,,,,,
,IMG_7646 111.jpg,,,,,
,IMG_7649 111.jpg,,,,,
,IMG_7650 111.jpg,,,,,
,IMG_7652 111.jpg,,,,,
,IMG_7657 111.jpg,,,,,